"package_name","requested_version","installed_version","dependency_type","license"
"@base-ui/react","^1.3.0","1.4.1","dependency","MIT"
"@biomejs/biome","2.4.15","2.4.15","devDependency","MIT OR Apache-2.0"
"@dnd-kit/abstract","^0.3.2","0.3.2","dependency","MIT"
"@dnd-kit/core","^6.3.1","6.3.1","dependency","MIT"
"@dnd-kit/helpers","^0.3.2","0.3.2","dependency","MIT"
"@dnd-kit/react","^0.3.2","0.3.2","dependency","MIT"
"@dnd-kit/sortable","^10.0.0","10.0.0","dependency","MIT"
"@dnd-kit/utilities","^3.2.2","3.2.2","dependency","MIT"
"@electric-sql/pglite","^0.5.1","0.5.1","devDependency","Apache-2.0"
"@formatjs/intl-localematcher","^0.8.1","0.8.7","dependency","MIT"
"@hono/zod-openapi","^1.1.0","1.4.0","dependency","MIT"
"@humandbs/backend","workspace:*","0.0.0","dependency","NOT SPECIFIED"
"@humandbs/eslint-config","workspace:*","0.0.0","devDependency","NOT SPECIFIED"
"@opentelemetry/api","^1.9.0","1.9.1","dependency","Apache-2.0"
"@opentelemetry/api-logs","^0.214.0","0.214.0","dependency","Apache-2.0"
"@opentelemetry/resources","^2.6.1","2.6.1","dependency","Apache-2.0"
"@opentelemetry/sdk-logs","^0.214.0","0.214.0","dependency","Apache-2.0"
"@opentelemetry/semantic-conventions","^1.40.0","1.40.0","dependency","Apache-2.0"
"@radix-ui/react-accordion","^1.2.12","1.2.12","dependency","MIT"
"@radix-ui/react-alert-dialog","^1.1.15","1.1.15","dependency","MIT"
"@radix-ui/react-checkbox","^1.3.3","1.3.3","dependency","MIT"
"@radix-ui/react-dialog","^1.1.15","1.1.15","dependency","MIT"
"@radix-ui/react-label","^2.1.7","2.1.7","dependency","MIT"
"@radix-ui/react-navigation-menu","^1.2.14","1.2.14","dependency","MIT"
"@radix-ui/react-popover","^1.1.15","1.1.15","dependency","MIT"
"@radix-ui/react-select","^2.2.6","2.2.6","dependency","MIT"
"@radix-ui/react-slot","^1.2.3","1.2.3","dependency","MIT"
"@radix-ui/react-switch","^1.2.6","1.2.6","dependency","MIT"
"@radix-ui/react-tabs","^1.1.13","1.1.13","dependency","MIT"
"@radix-ui/react-toggle","^1.1.10","1.1.10","dependency","MIT"
"@radix-ui/react-toggle-group","^1.1.11","1.1.11","dependency","MIT"
"@react-three/drei","^10.7.7","10.7.7","dependency","MIT"
"@react-three/fiber","^9.6.1","9.6.1","dependency","MIT"
"@rsbuild/core","^2.0.0","2.0.6","devDependency","MIT"
"@tailwindcss/typography","^0.5.19","0.5.19","devDependency","MIT"
"@tailwindcss/vite","^4.1.18","4.3.0","devDependency","MIT"
"@tanstack/eslint-plugin-query","^5.100.10","5.100.10","devDependency","MIT"
"@tanstack/eslint-plugin-router","^1.161.6","1.161.6","devDependency","MIT"
"@tanstack/react-devtools","^0.10.5","0.10.5","devDependency","MIT"
"@tanstack/react-form","^1.28.4","1.32.0","dependency","MIT"
"@tanstack/react-form-devtools","^0.2.29","0.2.29","devDependency","MIT"
"@tanstack/react-query","^5.90.21","5.100.10","dependency","MIT"
"@tanstack/react-query-devtools","^5.91.3","5.100.10","dependency","MIT"
"@tanstack/react-router","^1.170.8","1.170.8","dependency","MIT"
"@tanstack/react-router-devtools","^1.167.0","1.167.0","dependency","MIT"
"@tanstack/react-router-ssr-query","^1.167.0","1.167.0","dependency","MIT"
"@tanstack/react-start","^1.168.14","1.168.14","dependency","MIT"
"@tanstack/react-table","^8.21.3","8.21.3","dependency","MIT"
"@tanstack/router-core","^1.171.6","1.171.6","dependency","MIT"
"@tanstack/zod-adapter","^1.167.0","1.167.0","dependency","MIT"
"@types/d3","^7.4.3","7.4.3","devDependency","MIT"
"@types/negotiator","^0.6.4","0.6.4","dependency","MIT"
"@types/node","^22.5.4","22.19.19","devDependency","MIT"
"@types/pg","^8.16.0","8.20.0","devDependency","MIT"
"@types/react","^19.0.8","19.2.14","devDependency","MIT"
"@types/react-dom","^19.0.3","19.2.3","devDependency","MIT"
"@types/tar-stream","^3.1.4","3.1.4","devDependency","MIT"
"@types/three","^0.184.1","0.184.1","devDependency","MIT"
"@types/turndown","^5.0.6","5.0.6","dependency","MIT"
"@uiw/react-md-editor","^4.0.11","4.1.0","dependency","MIT"
"@vitejs/plugin-react","^4.7.0","4.7.0","devDependency","MIT"
"axios","^1.13.6","1.16.1","devDependency","MIT"
"babel-plugin-react-compiler","^1.0.0","1.0.0","devDependency","MIT"
"cheerio","^1.2.0","1.2.0","devDependency","MIT"
"class-variance-authority","^0.7.1","0.7.1","dependency","Apache-2.0"
"clsx","^2.1.1","2.1.1","dependency","MIT"
"cookie","^1.1.1","1.1.1","dependency","MIT"
"d3","^7.9.0","7.9.0","dependency","ISC"
"date-fns","^4.1.0","4.1.0","dependency","MIT"
"drizzle-kit","^0.31.9","0.31.10","devDependency","MIT"
"drizzle-orm","^0.44.6","0.44.7","dependency","Apache-2.0"
"drizzle-zod","^0.8.2","0.8.3","dependency","Apache-2.0"
"eslint-config-prettier","^10.1.8","10.1.8","devDependency","MIT"
"eslint-plugin-react","^7.37.5","7.37.5","devDependency","MIT"
"eslint-plugin-react-hooks","^7.0.1","7.1.1","devDependency","MIT"
"github-slugger","^2.0.0","2.0.0","dependency","ISC"
"globals","^17.3.0","17.6.0","devDependency","MIT"
"gray-matter","^4.0.3","4.0.3","dependency","MIT"
"hast-util-from-html","^2.0.3","2.0.3","devDependency","MIT"
"hast-util-to-html","^9.0.5","9.0.5","devDependency","MIT"
"html-react-parser","^5.2.17","5.2.17","dependency","MIT"
"jose","^6.1.3","6.2.3","dependency","MIT"
"lucide-react","^0.563.0","0.563.0","dependency","ISC"
"negotiator","^1.0.0","1.0.0","dependency","MIT"
"openid-client","^6.8.2","6.8.4","dependency","MIT"
"pg","^8.18.0","8.20.0","dependency","MIT"
"prettier","^3.8.1","3.8.3","devDependency","MIT"
"prettier-plugin-tailwindcss","^0.7.3","0.7.4","devDependency","MIT"
"prism-react-renderer","^2.4.1","2.4.1","dependency","MIT"
"radix-ui","^1.4.3","1.4.3","dependency","MIT"
"react","^19.0.0","19.2.6","dependency","MIT"
"react-day-picker","^9.13.2","9.14.0","dependency","MIT"
"react-dom","^19.0.0","19.2.6","dependency","MIT"
"react-textarea-autosize","^8.5.9","8.5.9","dependency","MIT"
"rehype-autolink-headings","^7.1.0","7.1.0","dependency","MIT"
"rehype-document","^7.0.3","7.0.3","dependency","MIT"
"rehype-raw","^7.0.0","7.0.0","dependency","MIT"
"rehype-slug","^6.0.0","6.0.0","dependency","MIT"
"rehype-stringify","^10.0.1","10.0.1","dependency","MIT"
"remark-gfm","^4.0.1","4.0.1","dependency","MIT"
"remark-parse","^11.0.0","11.0.0","dependency","MIT"
"remark-rehype","^11.1.2","11.1.2","dependency","MIT"
"remark-toc","^9.0.0","9.0.0","dependency","MIT"
"shadcn","^3.8.4","3.8.5","devDependency","MIT"
"tailwind-merge","^3.4.0","3.6.0","dependency","MIT"
"tailwindcss","^4.1.18","4.3.0","devDependency","MIT"
"tar-stream","^3.2.0","3.2.0","dependency","MIT"
"three","^0.184.0","0.184.0","dependency","MIT"
"turndown","^7.2.2","7.2.4","devDependency","MIT"
"tw-animate-css","^1.4.0","1.4.0","devDependency","MIT"
"typescript","^5.7.2","5.9.3","devDependency","Apache-2.0"
"unified","^11.0.5","11.0.5","dependency","MIT"
"unist-util-visit","^5.0.0","5.1.0","dependency","MIT"
"use-intl","^4.8.2","4.12.0","dependency","MIT"
"uuid","^13.0.0","13.0.2","dependency","MIT"
"vite","^7.3.1","7.3.3","devDependency","MIT"
"vite-plugin-svgr","^4.5.0","4.5.0","devDependency","MIT"
"vite-tsconfig-paths","^5.1.4","5.1.4","devDependency","MIT"
"xlsx","^0.18.5","0.18.5","dependency","Apache-2.0"
"yargs","^18.0.0","18.1.0","devDependency","MIT"
"zod","^4.3.6","4.4.3","dependency","MIT"
"zustand","^5.0.11","5.0.13","dependency","MIT"

